model,rmse,mae,r2
Baseline: Linear Regression,94.56395662802765,71.79015393522063,0.42122436912771344
Comparison: Random Forest,42.271797735091596,19.607651845335177,0.8843460679805304
